domain,problem,k,iterations,relevant_plans,irrelevant_plans,unfiltered_plans,processed_plans,relevant_plans_pctg,irrelevant_plans_pctg,unfiltered_plans_pctg,planning_time,extending_plans_time,task_reformulation_time,independent_planning_time,global_time,planning_time_pctg,extending_plans_time_pctg,task_reformulation_time_pctg,independent_planning_time_pctg
logistics,p20.pddl,10,1,10,0,0,10,1.0,0.0,0.0,0.07,0,0.030000000000000027,1.2199999999999998,1.3646886348724365,0.051293751711021775,0.0,0.021983036447580775,0.8939768155349506
logistics,p20.pddl,10,1,10,0,0,10,1.0,0.0,0.0,0.07,0,0.030000000000000027,1.21,1.4066102504730225,0.04976502906648095,0.0,0.02132786959992042,0.8602240738634562
logistics,p20.pddl,10,1,10,0,0,10,1.0,0.0,0.0,0.07,0,0.030000000000000027,1.2199999999999995,1.375408411026001,0.05089397406533434,0.0,0.02181170317085759,0.8870092622815409
blocks,p20.pddl,3,1,3,0,0,3,1.0,0.0,0.0,0.07999999999999996,0,0.040000000000000036,0.33000000000000007,0.4700479507446289,0.1701954021356067,0.0,0.08509770106780346,0.7020560338093781
blocks,p20.pddl,15,5,15,0,0,15,1.0,0.0,0.0,0.24999999999999994,0,0.1900000000000006,1.71,2.1850006580352783,0.11441644151484898,0.0,0.08695649555128553,0.7826084599615671
